code,system
J45.8,icd10
493.20,icd10
493.21,icd10
493.22,icd10
493.2,icd10
J45.8,icd10
493.22,icd10
493.21,icd10
493.20,icd10
493.2,icd10
J45.41,icd10
J45.40,icd10
J45.41,icd10
J45.40,icd10
J45.20,icd10
J45.21,icd10
J45.20,icd10
J45.21,icd10
J45.998,icd10
J45.998,icd10
J45.0,icd10
493.01,icd10
493.0,icd10
493.00,icd10
493.02,icd10
J45.0,icd10
493.01,icd10
493.02,icd10
493.00,icd10
493.0,icd10
J45.51,icd10
J45.50,icd10
J45.51,icd10
J45.50,icd10
J45.31,icd10
J45.31,icd10
J45.1,icd10
493.12,icd10
493.11,icd10
493.1,icd10
493.10,icd10
J45.1,icd10
493.12,icd10
493.10,icd10
493.11,icd10
493.1,icd10